username,device_id,ip_address,login_time,login_attempts,status
cnlvhcdw,8HDGG019FS9M,58.66.81.34,2024-09-24 05:56:50,4,Failed
gtqwlqgn,1AOIEGX2V2Z4,4.91.208.70,2024-09-24 07:41:50,3,Failed
oeibhguu,4LM14YGMKL0O,2.74.122.124,2024-09-24 01:02:50,3,Failed
eqolsqhi,6SWK9WDA78J6,25.124.131.126,2024-09-24 02:05:50,2,Success
onjsilpq,JTWIC6MLA9B5,170.64.125.53,2024-09-24 04:37:50,5,Failed
pzrewhol,LH49UF1TCC15,203.104.251.36,2024-09-24 08:03:50,3,Failed
cmwtecgq,IFGUKWDDALA6,41.26.94.185,2024-09-24 09:19:50,3,Failed
mdnzmozw,15RNWN6OC3O5,234.103.133.83,2024-09-23 23:22:50,3,Success
jbkwzhbp,XF13HIWL6DEX,134.76.136.53,2024-09-24 10:53:50,1,Success
arpfoyto,WIXJ9IIJYLY0,55.34.231.132,2024-09-24 02:43:50,4,Failed
mbnreqgg,0ESMOS9BN34Y,143.136.104.149,2024-09-24 08:47:50,5,Failed
aicycxiv,HY57F3RBM0VV,98.24.54.137,2024-09-24 05:50:50,1,Failed
himdgxpm,PZBHV7IKKHEW,183.200.29.134,2024-09-24 08:14:50,1,Failed
wpqyjlge,PJM82DGDIXQ7,153.21.248.3,2024-09-24 06:21:50,4,Success
tvamyjyp,MMPSE18SNCE7,199.141.133.202,2024-09-24 05:52:50,3,Failed
lfwtddna,7SFVC222UREG,84.141.166.241,2024-09-24 09:39:50,5,Success
egtyvbqt,FVAAZ85UCWK6,13.196.124.238,2024-09-24 04:52:50,5,Success
ssjzujvb,8TLK3FPFK3H0,10.17.213.85,2024-09-24 08:54:50,4,Success
loydwpnv,SCSUY0ZBKC8E,210.155.138.98,2024-09-24 13:40:50,1,Failed
yviahohz,UEMOK9ABOB2I,60.234.4.12,2024-09-24 05:52:50,3,Success
nucfhayf,4K6YEDMFHV0I,153.182.166.232,2024-09-24 00:24:50,2,Failed
oxkisgdc,FVP3WIZBVVF0,250.135.42.96,2024-09-24 00:39:50,5,Failed
hvzwuqco,YWR4QS9OR9J8,87.134.61.139,2024-09-24 12:05:50,3,Success
kjdcatil,G6BFOO09MVP4,14.62.156.38,2024-09-23 21:56:50,5,Success
tppfadvd,MUJH8EEPQNY3,236.3.16.173,2024-09-24 06:56:50,5,Success
ngvlcgzy,K1Q7DAXN9IF4,144.74.124.12,2024-09-24 08:29:50,4,Success
ygvfbooy,V3J1BYPTBXGC,80.108.112.120,2024-09-23 23:38:50,2,Success
ibjlflnn,T00YIJFHD85L,177.187.171.68,2024-09-24 01:53:50,1,Failed
ttegybkj,RENJW7KF1W3Q,202.81.5.194,2024-09-23 22:41:50,3,Failed
lhhbmqat,QDF5SG5CYVKH,183.1.198.234,2024-09-24 14:30:50,1,Failed
bucqxrfr,DJC28PBP8ZPD,1.253.141.94,2024-09-24 04:17:50,1,Failed
kcnwgfcf,67LJ8Y3DKX0F,208.20.2.9,2024-09-23 23:23:50,1,Failed
zszurtth,V0ZNJXASVZKJ,131.108.178.132,2024-09-24 09:09:50,3,Failed
zgfwlgdj,AF56P50GBRM4,57.224.150.121,2024-09-24 00:39:50,3,Success
zoqqjkhb,H1OWQTVBFC24,247.222.120.25,2024-09-24 00:19:50,1,Success
jtaajwlb,8O9QFF0TQBX5,212.121.252.252,2024-09-24 06:17:50,5,Success
vdrsmwym,TT02XD35JSYQ,41.193.32.230,2024-09-24 02:33:50,1,Success
toladtjv,N0155N6DTVXI,91.224.214.57,2024-09-24 06:47:50,5,Success
lvwoazqs,TD7V26XWWNKO,180.200.184.227,2024-09-23 22:28:50,2,Success
yjzkenpm,5TV2S8MO5F9Z,228.102.117.85,2024-09-24 08:15:50,3,Success
oncuflnl,QYPVVZ259ZFY,227.232.254.17,2024-09-23 22:05:50,3,Success
ijhvaeek,H4DGC058P7DA,182.125.133.121,2024-09-23 22:21:50,4,Success
lhbrotfz,ZKN06NKZN4JE,82.200.202.225,2024-09-24 00:13:50,2,Success
mmzpjbrh,79UJ1C9DA5ZD,234.138.188.86,2024-09-24 01:52:50,5,Success
mqopxffm,S24GY34TDWGN,167.11.120.123,2024-09-24 02:50:50,2,Success
ibejcuyp,1HX4FYP8AE4E,95.53.250.67,2024-09-24 07:13:50,2,Success
snbmgwtk,4WUK3F1VZRFU,163.161.22.54,2024-09-24 07:41:50,1,Failed
mitgcolw,CZV5SEVRLPK1,154.197.148.31,2024-09-24 05:52:50,2,Failed
gzibjyre,VV4H03184E2A,235.238.154.17,2024-09-24 09:45:50,1,Failed
wymwmtum,XX078CM2W4X5,239.232.178.22,2024-09-24 14:01:50,3,Failed
smfnspdb,EGYYU8EZNDX1,113.187.99.115,2024-09-24 04:28:50,1,Success
mofauloe,MLF1RVQW1J1H,227.51.26.64,2024-09-24 05:28:50,5,Success
bfowqtpz,7C55QXQPDVPV,158.44.246.247,2024-09-24 14:01:50,2,Success
esoxcody,XM7NZJ0E2OJ1,45.44.213.219,2024-09-24 02:16:50,4,Failed
unnbvatl,IOT1W7WGOLEL,9.65.32.238,2024-09-24 08:59:50,4,Failed
trfhrcjv,LS3IZ14DS2RP,36.197.130.58,2024-09-24 14:16:50,2,Success
hrkryzsi,SFD0BLDWSM9F,190.183.93.177,2024-09-24 12:10:50,3,Success
byguekdn,X9KWBI7JOM3G,62.31.70.51,2024-09-24 03:23:50,3,Success
sxeonwqg,XRA0NXQM5GGN,90.169.48.191,2024-09-23 22:11:50,5,Success
uvyridmc,OY2O23H0VPFM,140.208.11.93,2024-09-24 07:15:50,4,Success
pqflbwiv,D15M1QIS3CHZ,241.14.40.249,2024-09-24 01:38:50,4,Success
acwbthge,B2LJEZXWGYIO,69.177.216.8,2024-09-23 23:28:50,2,Success
toygqnyg,SJ3583KX8YQL,183.80.155.215,2024-09-24 04:04:50,1,Success
tzbbnxvb,QVGKIOFT3GI0,186.24.131.5,2024-09-24 06:29:50,5,Failed
uvikxblc,3RF2B4PD9DN0,127.134.17.175,2024-09-24 04:03:50,4,Success
vjwgipus,GDWRLHLQCM8A,251.152.102.168,2024-09-24 00:14:50,1,Failed
setpvxyr,2NKFFI87HFXG,78.213.83.181,2024-09-24 00:12:50,1,Success
gprzpjzz,D4FL9O7DM9O1,37.154.190.153,2024-09-24 11:13:50,5,Success
udpnosrh,0HT0AA7NPF6P,31.57.3.138,2024-09-24 11:34:50,5,Success
natxyrae,NRW7SDJQAF9E,57.140.45.38,2024-09-23 21:58:50,1,Success
blmvqfdg,XL8GGX82S51V,38.85.246.7,2024-09-23 22:17:50,4,Success
ypspiowh,PU4Y5L1TXHXC,52.27.135.37,2024-09-24 05:23:50,3,Failed
vgkfaoiq,8BHLOF0MWWWV,56.46.92.52,2024-09-24 04:04:50,3,Failed
hhwemfci,Y8O3G8L522ON,130.21.172.141,2024-09-23 23:50:50,5,Failed
nokpvgvp,3E1V3XGOKAY1,144.202.52.6,2024-09-23 22:30:50,1,Success
isofshwh,RWLGOVE6KGFU,83.161.149.154,2024-09-24 07:20:50,4,Failed
fgxqridb,SP60E6SD298S,55.161.164.95,2024-09-23 22:01:50,5,Success
kmidopqk,6QIJRCG0L4M9,254.253.68.7,2024-09-23 23:22:50,4,Failed
nxnozkza,A5N80L8W84EX,232.202.174.224,2024-09-24 10:05:50,1,Success
lcudjmlt,1009QMBO7J6T,115.80.236.129,2024-09-24 13:40:50,4,Failed
biwtdofx,LYXU60N82DVT,191.177.225.181,2024-09-24 06:54:50,5,Failed
amaanash,7AAUE28F4LO9,154.248.59.70,2024-09-24 06:27:50,1,Failed
csothgyz,5LYFYEGF05K9,250.247.131.214,2024-09-24 09:02:50,1,Failed
qbnevwjv,4XKNOHSZCRJA,221.123.5.157,2024-09-24 02:39:50,1,Success
quvrzytg,ET1CR43NXO67,73.23.111.180,2024-09-24 08:03:50,1,Failed
whyigwpb,6FFBABI9SN6D,249.104.188.54,2024-09-24 05:53:50,4,Success
wuvboolm,WE68HYDC4QB0,174.37.217.72,2024-09-24 12:37:50,4,Success
nwgpwxxh,G85AZWRXIQTA,20.41.236.130,2024-09-24 03:32:50,2,Success
anpcjptn,CML1OKLNB168,201.194.190.201,2024-09-24 10:11:50,3,Success
crydfcvu,3I5BXXOXJ695,213.28.181.162,2024-09-24 03:47:50,5,Success
mcfwvpcb,2OW35JUOP9HY,135.54.29.59,2024-09-24 07:19:50,4,Failed
husmaynp,Y02LPNAUN04M,208.250.89.121,2024-09-24 08:00:50,2,Failed
mzkjfstz,QQIZYWGOBEVG,113.32.109.48,2024-09-24 00:13:50,1,Failed
kgarzjpz,K1Y60HLXNINZ,89.232.58.224,2024-09-24 05:34:50,3,Success
ttfgznqg,XK5KIDSR347U,18.0.195.210,2024-09-24 02:18:50,3,Success
fbbmgbeq,Y9GG7MF7ZRE0,23.201.136.29,2024-09-24 01:26:50,3,Failed
uffxnkml,PRX1JFHXWTAK,72.168.139.190,2024-09-24 13:35:50,5,Failed
pjavmmze,LK470RX2GPK5,255.67.165.131,2024-09-24 00:47:50,2,Success
bnxofven,PA02HOXQV1O1,52.45.103.220,2024-09-24 06:51:50,2,Failed
qvwigcod,S6H68RDYQ82S,233.246.41.79,2024-09-24 06:32:50,5,Success
